City,Cloudiness,Country,Date,Humidity,Lat,Lng,Max Temp,Wind Speed
Hilo,90,US,1633023610,94,19.7297,-155.09,73.8,6.91
Bredasdorp,64,ZA,1633023856,77,-34.5322,20.0403,60.12,12.66
Hamilton,75,US,1633023820,48,39.1834,-84.5333,79.23,1.01
Caravelas,25,BR,1633023789,60,-17.7125,-39.2481,82.02,10.98
Ostrovnoy,75,RU,1633023891,87,68.0531,39.5131,43.07,3.06
Beringovskiy,100,RU,1633023892,87,63.05,179.3167,33.75,22.86
New Norfolk,100,AU,1633023892,72,-42.7826,147.0587,53.74,1.01
Busselton,29,AU,1633023616,88,-33.65,115.3333,60.04,15.1
Teknāf,15,BD,1633023893,88,20.8624,92.3058,78.89,4.88
Iskateley,100,RU,1633023893,78,67.6803,53.1512,34.84,5.66
Carnarvon,34,AU,1633023893,88,-24.8667,113.6333,69.87,6.91
Hermanus,21,ZA,1633023894,89,-34.4187,19.2345,64.9,13.89
Vaini,90,TO,1633023894,94,-21.2,-175.2,68.16,4.61
Albany,59,US,1633023762,66,42.6001,-73.9662,59.74,7.65
Mataura,100,NZ,1633023895,89,-46.1927,168.8643,47.48,4.23
Butaritari,99,KI,1633023895,74,3.0707,172.7902,81.73,12.08
Casper,1,US,1633023895,69,42.8666,-106.3131,51.73,3.0
Agadez,78,NE,1633023896,10,19.75,10.25,87.75,8.05
Barrow,90,US,1633023759,74,71.2906,-156.7887,28.42,8.05
Bom Jardim,60,BR,1633023896,44,-7.7958,-35.5872,89.94,14.7
Urubichá,19,BO,1633023897,23,-15.3833,-62.95,102.83,7.18
Quesnel,1,CA,1633023897,54,52.9999,-122.5029,57.7,12.66
Arraial do Cabo,20,BR,1633023668,78,-22.9661,-42.0278,76.96,16.11
Clyde River,100,CA,1633023898,68,70.4692,-68.5914,36.73,6.64
Airai,36,TL,1633023736,69,-8.9266,125.4092,58.75,2.42
Coffs Harbour,100,AU,1633023898,92,-30.3,153.1333,65.14,5.75
Chern',15,RU,1633023899,78,53.4523,36.9145,43.05,5.61
Kaitangata,93,NZ,1633023899,66,-46.2817,169.8464,50.94,11.79
Monroe,75,US,1633023890,72,43.1501,-77.6831,61.05,8.05
Mahébourg,40,MU,1633023672,78,-20.4081,57.7,72.25,13.8
Ushuaia,40,AR,1633023900,49,-54.8,-68.3,46.02,10.36
Strezhevoy,87,RU,1633023901,74,60.7333,77.5889,35.58,6.33
Tamandaré,44,BR,1633023901,78,-8.7597,-35.1047,78.89,8.95
Rikitea,46,PF,1633023856,68,-23.1203,-134.9692,72.68,21.52
Sioux Lookout,75,CA,1633023902,60,50.1001,-91.917,73.47,5.75
Ancud,66,CL,1633023904,51,-41.8697,-73.8203,51.33,10.2
Hong Kong,1,HK,1633023864,86,22.2855,114.1577,86.38,1.01
Atuona,34,PF,1633023905,71,-9.8,-139.0333,78.1,20.58
Mocuba,6,MZ,1633023906,76,-16.8392,36.9856,74.52,6.6
Bluff,90,NZ,1633023906,82,-46.6,168.3333,47.8,20.74
‘Ewa Beach,1,US,1633023906,75,21.3156,-158.0072,77.09,8.01
Margate,100,GB,1633023907,75,51.3813,1.3862,61.3,5.01
Nantucket,90,US,1633023907,65,41.2835,-70.0995,62.96,13.8
Taoudenni,33,ML,1633023908,9,22.6783,-3.9836,103.06,12.8
Lázaro Cárdenas,95,MX,1633023640,70,17.9583,-102.2,84.6,4.14
Codrington,100,AU,1633023734,94,-38.2667,141.9667,54.93,18.54
Ziarat,25,PK,1633023908,71,30.3823,67.7282,61.77,3.11
Cape Town,0,ZA,1633023630,60,-33.9258,18.4232,66.61,12.66
Plastun,1,RU,1633023909,73,44.7561,136.2939,49.24,5.66
Ahipara,87,NZ,1633023684,82,-35.1667,173.1667,55.04,8.1
Walvis Bay,15,NA,1633023910,72,-22.9575,14.5053,59.95,16.11
Port Hedland,5,AU,1633023910,100,-20.3167,118.5667,62.65,3.44
Benicarló,27,ES,1633023911,75,40.4165,0.4271,71.56,5.01
Imbituba,76,BR,1633023911,72,-28.24,-48.6703,66.09,14.32
Henties Bay,58,NA,1633023911,87,-22.116,14.2845,57.85,11.01
Atar,1,MR,1633023912,8,20.5169,-13.0499,103.8,11.88
Sheregesh,100,RU,1633023912,97,52.9209,87.9869,39.43,1.41
Tuktoyaktuk,75,CA,1633023912,86,69.4541,-133.0374,28.4,11.5
Jamestown,90,US,1633023695,73,42.097,-79.2353,58.51,3.0
Hobart,90,AU,1633023680,95,-42.8794,147.3294,54.1,1.99
Saint-Philippe,42,RE,1633023913,80,-21.3585,55.7679,74.79,12.26
Banda Aceh,100,ID,1633023914,85,5.5577,95.3222,78.66,10.31
Murayama,100,JP,1633023914,91,38.5193,140.3346,65.52,0.94
Dali,5,CN,1633023915,90,25.7,100.1833,60.39,2.44
Punta Arenas,75,CL,1633023886,49,-53.15,-70.9167,46.42,24.16
Lac du Bonnet,80,CA,1633023710,51,50.2536,-96.0612,74.12,6.38
Severo-Kuril'sk,100,RU,1633023916,94,50.6789,156.125,47.34,19.19
George Town,40,MY,1633023916,92,5.4112,100.3354,82.33,0.0
Dodge City,90,US,1633023916,79,37.7528,-100.0171,62.26,10.0
Humacao,9,PR,1633023858,75,18.1497,-65.8274,92.84,7.0
San Policarpo,84,PH,1633023917,87,12.1791,125.5072,78.44,4.68
Longyearbyen,40,SJ,1633023649,93,78.2186,15.6401,31.84,5.75
Port Alfred,100,ZA,1633023918,90,-33.5906,26.891,65.68,19.42
Okha,100,RU,1633023918,93,53.5739,142.9478,49.87,1.5
Grindavik,0,IS,1633023919,70,63.8424,-22.4338,45.07,21.85
Bogatynia,55,PL,1633023919,82,50.9075,14.9563,51.73,1.99
Krasnosel'kup,100,RU,1633023919,99,65.7,82.4667,32.59,6.82
Mar del Plata,90,AR,1633023920,63,-38.0023,-57.5575,59.88,5.01
Chalisgaon,100,IN,1633023920,81,20.4667,75.0167,78.64,2.77
Rome,90,US,1633023844,65,43.2128,-75.4557,59.86,5.75
Toledo,26,ES,1633023774,44,39.8333,-4.0,77.31,4.59
Coolum Beach,98,AU,1633023921,91,-26.5333,153.1,65.1,10.42
Luba,99,GQ,1633023921,83,3.4568,8.5547,80.49,6.49
East London,75,ZA,1633023922,94,-33.0153,27.9116,65.34,11.5
Augsburg,0,DE,1633023732,83,48.3667,10.8833,52.86,5.75
Upernavik,100,GL,1633023922,77,72.7868,-56.1549,32.7,10.22
Belaya Gora,8,RU,1633023923,80,68.5333,146.4167,20.62,10.16
Rovaniemi,90,FI,1633023923,100,66.5,25.7167,44.01,3.44
Esperance,4,AU,1633023924,88,-33.8667,121.9,57.04,6.67
Port Elizabeth,90,ZA,1633023924,100,-33.918,25.5701,62.1,16.11
Tongchuanshi,13,CN,1633023924,77,35.0806,109.0897,67.57,3.33
Westport,75,US,1633023925,58,41.1415,-73.3579,66.06,1.01
Hwange,12,ZW,1633023925,28,-18.3693,26.5019,84.7,7.56
Otradnoye,3,RU,1633023925,85,59.7775,30.8181,45.95,4.59
Necochea,100,AR,1633023926,92,-38.5473,-58.7368,59.04,4.79
Baykit,85,RU,1633023926,91,61.67,96.37,31.66,2.59
Carndonagh,89,IE,1633023927,90,55.25,-7.2667,55.02,6.93
Oranjestad,40,AW,1633023927,78,12.524,-70.027,85.95,1.01
Saint Paul Harbor,90,US,1633023689,76,57.79,-152.4072,45.91,12.66
Amahai,99,ID,1633023927,90,-3.3333,128.9167,77.14,4.74
Leningradskiy,100,RU,1633023928,94,69.3833,178.4167,23.95,14.5
Kharsia,99,IN,1633023928,90,21.9667,83.1167,76.41,3.56
Monrovia,63,LR,1633023929,77,6.3005,-10.7969,85.77,7.4
Cabo San Lucas,2,MX,1633023786,65,22.8909,-109.9124,89.62,2.98
San Quintín,0,MX,1633023929,64,30.4833,-115.95,71.96,7.07
Saint-Pierre,90,RE,1633023930,72,-21.3393,55.4781,74.88,2.3
Ketchikan,90,US,1633023930,93,55.3422,-131.6461,48.67,6.91
Chokurdakh,29,RU,1633023931,92,70.6333,147.9167,14.13,9.37
Puerto Ayora,80,EC,1633023931,80,-0.7393,-90.3518,76.96,8.99
Turan,20,VN,1633023770,83,16.0678,108.2208,80.65,1.14
Chui,85,UY,1633023932,76,-33.6971,-53.4616,63.52,16.64
Ribeira Grande,20,PT,1633023856,78,38.5167,-28.7,75.6,9.22
Bauchi,73,NG,1633023932,68,10.5,10.0,77.65,2.82
Khatanga,100,RU,1633023856,98,71.9667,102.5,29.77,8.03
Juradó,99,CO,1633023933,80,7.1053,-77.7641,80.92,6.76
Salalah,40,OM,1633023858,83,17.0151,54.0924,82.49,9.22
Faya,89,SA,1633023927,58,18.3851,42.4509,69.91,3.06
Havelock,1,US,1633023933,60,34.8791,-76.9013,79.99,5.01
Kysyl-Syr,19,RU,1633023934,86,63.8986,122.7617,26.4,4.0
Pevek,100,RU,1633023934,88,69.7008,170.3133,27.43,13.76
Narsaq,0,GL,1633023935,33,60.9167,-46.05,39.42,2.55
Praia,40,CV,1633023935,70,14.9215,-23.5087,84.74,14.97
Batagay-Alyta,57,RU,1633023935,80,67.8006,130.4114,16.77,3.2
Kapaa,75,US,1633023691,81,22.0752,-159.319,76.98,3.0
Tiksi,100,RU,1633023936,74,71.6872,128.8694,30.78,4.92
Terrace,90,CA,1633023936,100,54.5163,-128.6035,49.91,18.41
Sinnamary,48,GF,1633023937,69,5.3833,-52.95,84.72,9.37
Lorengau,99,PG,1633023937,80,-2.0226,147.2712,80.83,8.48
Mossamedes,25,AO,1633023937,84,-15.1961,12.1522,62.83,8.79
Yellowknife,90,CA,1633023650,100,62.456,-114.3525,45.41,3.0
Ginda,60,IN,1633023938,96,30.6945,78.4932,63.99,0.43
Talnakh,100,RU,1633023938,98,69.4865,88.3972,31.03,6.78
Yamada,100,JP,1633023939,89,39.4667,141.95,67.75,2.91
Qaanaaq,100,GL,1633023927,74,77.484,-69.3632,26.69,11.25
Kwang Binh,4,VN,1633023939,91,17.4833,106.6,77.14,4.81
Klaksvík,100,FO,1633023940,97,62.2266,-6.589,50.92,27.78
Daru,100,PG,1633023940,89,-9.0763,143.2092,78.28,13.58
College,75,US,1633023872,80,64.8569,-147.8028,26.8,4.61
Maningrida,20,AU,1633023941,85,-12.0667,134.2667,76.33,3.49
Lamar,75,US,1633023941,69,33.6668,-95.5836,87.37,4.61
Tshikapa,100,CD,1633023942,95,-6.4167,20.8,71.46,5.84
Iqaluit,90,CA,1633023942,93,63.7506,-68.5145,31.73,2.3
Sobolevo,79,RU,1633023942,81,54.4299,31.8996,42.03,5.41
Santa Rosa,80,PH,1633023943,85,14.3122,121.1114,80.58,3.18
Castro,32,BR,1633023856,43,-24.7911,-50.0119,80.31,6.93
Kemin,68,KG,1633023943,79,42.7846,75.6892,48.58,1.01
Bethel,75,US,1633023676,63,41.3712,-73.414,63.72,10.36
Bambous Virieux,40,MU,1633023769,78,-20.3428,57.7575,72.21,13.8
Longyan,16,CN,1633023944,93,25.1072,117.0225,73.17,1.3
Visby,75,SE,1633023944,87,57.6409,18.296,54.95,11.5
Port Hardy,75,CA,1633023923,100,50.6996,-127.4199,51.98,0.0
Wawa,80,NG,1633023661,79,9.9022,4.4192,79.21,1.34
Ambon City,75,ID,1633023945,94,-3.6954,128.1814,77.14,5.75
Tasiilaq,2,GL,1633023719,88,65.6145,-37.6368,39.36,10.02
Broome,75,US,1633023946,66,42.2506,-75.833,61.02,1.99
Songea,100,TZ,1633023946,34,-10.6833,35.65,76.12,4.47
Cherskiy,93,RU,1633023947,99,68.75,161.3,9.5,5.21
Rio Grande,89,BR,1633023947,77,-32.035,-52.0986,66.31,24.02
Yulara,0,AU,1633023947,35,-25.2406,130.9889,57.04,4.61
Ibiapina,56,BR,1633023948,41,-3.9233,-40.8894,82.36,6.8
Carupano,42,VE,1633023948,64,10.6678,-63.2585,87.51,10.67
Kumul,53,CN,1633023948,26,42.8,93.45,66.99,9.53
Česká Lípa,72,CZ,1633023949,83,50.6855,14.5376,55.54,1.03
Hithadhoo,24,MV,1633023949,71,-0.6,73.0833,82.27,2.48
Saint George,1,US,1633023697,20,37.1041,-113.5841,72.63,1.01
Quatre Cocos,24,MU,1633023950,79,-20.2078,57.7625,72.09,13.82
Ayagoz,100,KZ,1633023950,36,47.9714,80.4392,51.73,20.67
Charlottesville,20,US,1633023703,47,38.0293,-78.4767,79.09,1.99
Bonavista,100,CA,1633023951,99,48.6499,-53.1147,55.11,9.08
Sabang,100,ID,1633023951,80,5.8933,95.3214,80.51,10.63
Tieling,6,CN,1633023952,77,42.2931,123.8414,55.74,4.09
Campo Largo,65,BR,1633023952,48,-25.4586,-49.5283,67.66,5.75
Sovetskiy,94,RU,1633023952,87,61.3614,63.5842,38.08,11.14
Sola,87,VU,1633023953,81,-13.8833,167.55,79.54,22.7
Cayenne,40,GF,1633023953,79,4.9333,-52.3333,87.84,1.99
Nikolskoye,2,RU,1633023729,85,59.7035,30.7861,45.79,4.59
Ellisras,6,ZA,1633023954,66,-23.6649,27.7443,66.52,12.46
Majene,91,ID,1633023954,89,-3.5403,118.9707,78.82,8.48
Lékoni,100,GA,1633023954,86,-1.5843,14.2591,74.5,2.84
Acajutla,13,SV,1633023927,73,13.5928,-89.8275,91.74,7.67
Lompoc,1,US,1633023955,33,34.6391,-120.4579,87.13,5.75
Qaqortoq,0,GL,1633023956,34,60.7167,-46.0333,39.7,2.15
Takoradze,100,GH,1633023956,86,4.8845,-1.7554,78.04,9.66
Innisfail,54,AU,1633023956,89,-17.5333,146.0333,67.95,2.86
Pierre,90,US,1633023915,55,44.3683,-100.351,64.99,11.5
Meulaboh,100,ID,1633023957,90,4.1363,96.1285,76.5,6.87
Cidreira,84,BR,1633023958,75,-30.1811,-50.2056,66.34,23.89
Elverum,100,NO,1633023958,96,60.8819,11.5623,49.05,5.79
Hakodate,52,JP,1633023958,89,41.7758,140.7367,61.38,4.61
Araouane,35,ML,1633023959,17,18.9048,-3.5265,99.27,8.97
Kruisfontein,100,ZA,1633023959,98,-34.0033,24.7314,59.88,15.59
Assiut,0,EG,1633023960,30,27.181,31.1837,84.38,11.92
St. Pete Beach,9,US,1633023960,52,27.7253,-82.7412,90.23,1.01
Namatanai,77,PG,1633023960,84,-3.6667,152.4333,79.75,7.36
Kashgar,0,CN,1633023961,15,39.4547,75.9797,74.41,11.18
Menongue,62,AO,1633023961,27,-14.6585,17.691,76.51,5.21
Hualmay,46,PE,1633023873,72,-11.0964,-77.6139,68.85,11.63
Mazyr,8,BY,1633023962,73,52.0495,29.2456,44.56,6.78
El Dorado,0,US,1633023962,20,38.7666,-120.5177,76.12,4.29
Lavrentiya,45,RU,1633023963,83,65.5833,-171.0,30.13,14.97
Plouzané,90,FR,1633023963,88,48.3833,-4.6167,60.89,18.41
Mpanda,91,TZ,1633023964,27,-6.3655,31.0409,81.72,3.15
Varlamovo,100,RU,1633023964,68,53.1897,48.4226,46.02,4.23
Mitsamiouli,75,KM,1633023964,94,-11.3847,43.2844,75.49,3.44
Beya,100,RU,1633023965,90,53.0533,90.9139,45.28,3.27
Laguna,1,US,1633023828,38,38.421,-121.4238,81.64,1.01
Nacozari,0,MX,1633023965,50,25.3366,-108.2574,91.11,3.98
Tautira,27,PF,1633023966,77,-17.7333,-149.15,78.82,18.41
Thompson,40,CA,1633023966,67,55.7435,-97.8558,59.16,4.61
Hadsten,97,DK,1633023966,95,56.3282,10.0493,52.54,12.97
Riverton,1,US,1633023967,40,40.5219,-111.9391,65.28,3.0
Perkáta,100,HU,1633023967,68,47.047,18.7873,57.69,3.65
Fort Nelson,90,CA,1633023920,100,58.8053,-122.7002,36.99,4.61
Bandundu Province,100,CD,1633023968,95,-3.3167,17.3667,71.8,2.21
Provideniya,57,RU,1633023968,84,64.3833,-173.3,26.56,11.74
Avarua,5,CK,1633023969,94,-21.2078,-159.775,71.65,2.3
Salé,45,MA,1633023969,78,34.0389,-6.8166,82.42,4.61
Simbahan,90,PH,1633023718,75,6.3032,120.5836,83.1,4.34
El Tigre,63,VE,1633023970,53,8.8875,-64.2454,86.77,6.67
Hīt,0,IQ,1633023970,24,33.6416,42.8251,84.13,8.14
Shache,0,CN,1633023971,15,38.4167,77.2406,71.02,5.21
Sawākin,79,SD,1633023971,56,19.1059,37.3321,85.78,5.21
Santa Cruz de Barahona,20,DO,1633023971,66,18.2085,-71.1008,89.42,11.5
Grand Gaube,6,MU,1633023972,74,-20.0064,57.6608,72.37,5.99
Saldanha,6,ZA,1633023795,80,-33.0117,17.9442,68.05,9.93
Mehamn,75,NO,1633023972,71,71.0357,27.8492,46.35,9.22
Vila Velha,90,BR,1633023973,69,-20.3297,-40.2925,76.95,16.11
Lüderitz,12,NA,1633023973,95,-26.6481,15.1594,56.53,11.3
Pringsewu,52,ID,1633023974,94,-5.3582,104.9744,73.87,5.03
Saint Anthony,1,US,1633023856,60,45.0205,-93.218,82.92,1.01
Corn Island,76,NI,1633023974,76,12.1694,-83.0418,82.18,10.02
Visnes,75,NO,1633023976,87,59.3556,5.2242,56.57,9.22
Geraldton,75,AU,1633023977,77,-28.7667,114.6,64.81,11.5
Ternate,46,ID,1633023977,81,0.8,127.4,80.11,2.91
Juruti,76,BR,1633023978,40,-2.1522,-56.0922,93.96,3.78
Dongsheng,27,CN,1633023978,32,39.8161,109.9776,55.22,4.05
Siyabuswa,9,ZA,1633023979,67,-25.1132,29.0445,65.93,16.06
Pavelets,28,RU,1633023979,79,53.7883,39.246,39.6,4.81
Galesong,31,ID,1633023979,76,-5.3166,119.3661,77.02,2.82
Manta,40,EC,1633023980,74,-0.95,-80.7333,80.38,8.05
Mongu,97,ZM,1633023980,17,-15.2484,23.1274,88.84,3.27
Bilibino,98,RU,1633023981,99,68.0546,166.4372,2.61,2.37
Lebu,62,CL,1633023707,58,-37.6167,-73.65,54.48,11.23
Amparafaravola,1,MG,1633023981,93,-17.5833,48.2167,60.08,6.51
Valparaíso,20,CL,1633023914,58,-33.0393,-71.6273,67.64,11.5
Opuwo,2,NA,1633023982,16,-18.0607,13.84,76.23,13.15
Bathsheba,40,BB,1633023982,89,13.2167,-59.5167,83.01,11.5
Terney,1,RU,1633023983,73,45.0503,136.6092,51.53,7.63
Silver City,90,US,1633023983,87,32.7701,-108.2803,51.91,5.75
Hasaki,100,JP,1633023983,82,35.7333,140.8333,68.4,12.8
Alofi,80,NU,1633023984,88,-19.0595,-169.9187,73.29,10.36
Belmonte,34,BR,1633023984,62,-15.8631,-38.8828,82.9,10.92
Amapá,27,BR,1633023984,30,1.0,-52.0,96.96,4.0
Jalu,31,LY,1633023772,39,29.0331,21.5482,85.12,8.75
Carutapera,66,BR,1633023985,66,-1.195,-46.02,84.76,6.71
Hambantota,100,LK,1633023985,76,6.1241,81.1185,80.56,7.83
Paraná,99,AR,1633023799,72,-31.732,-60.5238,78.3,4.12
Kaeo,81,NZ,1633023986,93,-35.1,173.7833,53.33,5.44
Kahului,40,US,1633023986,89,20.8947,-156.47,75.22,10.36
Dikson,100,RU,1633023987,84,73.5069,80.5464,33.73,24.0
Lima,20,PE,1633023739,93,-12.0432,-77.0282,69.13,1.01
Hofn,100,IS,1633023987,84,64.2539,-15.2082,43.88,24.9
Byron Bay,100,AU,1633023988,90,-28.65,153.6167,65.05,13.8
Parakou,95,BJ,1633023988,86,9.3372,2.6303,75.83,2.44
Perivoli,3,GR,1633023988,69,39.4206,20.0147,71.15,6.69
Garden City,75,US,1633023542,48,42.3256,-83.331,73.18,5.75
La Santisima Trinidad,40,BO,1633023989,49,-14.8333,-64.9,94.98,16.11
Rawson,6,AR,1633023989,24,-43.3002,-65.1023,66.09,24.87
Maidenhead,90,GB,1633023990,83,51.5228,-0.7199,59.94,11.99
Puerto Colombia,60,CO,1633023990,73,10.9878,-74.9547,87.89,5.59
Saint-Augustin,100,CA,1633023990,90,51.226,-58.6502,43.95,25.52
Linxia Chengguanzhen,64,CN,1633023991,46,35.6003,103.2064,57.09,3.0
Porbandar,100,IN,1633023991,88,21.6422,69.6093,80.6,17.18
Huarmey,46,PE,1633023991,73,-10.0681,-78.1522,69.93,13.38
Kondinskoye,100,RU,1633023992,97,59.6481,67.41,38.68,9.62
Itarema,15,BR,1633023710,62,-2.9248,-39.9167,85.84,18.95
Makīnsk,98,KZ,1633023992,90,52.6292,70.4169,31.71,9.24
Otane,16,NZ,1633023993,96,-39.8833,176.6333,38.01,2.44
Khovd,87,MN,1633023993,41,48.0056,91.6419,45.32,5.75
Bengkulu,98,ID,1633023994,87,-3.8004,102.2655,75.49,3.24
Palmer,90,US,1633023994,57,42.1584,-72.3287,62.49,1.01
San Cristobal,86,VE,1633023994,66,7.7669,-72.225,77.18,4.05
Nanjing,0,CN,1633023702,75,32.0617,118.7778,70.77,3.06
Champasak,56,LA,1633023995,99,14.75,106.0,73.76,1.39
Dudinka,99,RU,1633023995,98,69.4058,86.1778,29.64,6.42
Finschhafen,94,PG,1633023996,83,-6.6024,147.8681,78.69,8.79
Kedrovyy,93,RU,1633023996,95,56.1667,91.8167,39.61,4.09
Avera,96,US,1633023997,42,33.194,-82.5271,87.71,4.63
Pemba,40,MZ,1633023997,83,-12.974,40.5178,79.5,8.99
Ponta do Sol,3,PT,1633023704,56,32.6667,-17.1,76.12,7.63
Torbay,90,CA,1633023924,98,47.6666,-52.7314,63.88,8.05
Sitka,90,US,1633023998,87,57.0531,-135.33,48.09,4.61
Znamenskoye,100,RU,1633023998,77,57.1281,73.8282,39.4,5.61
Harbour Breton,100,CA,1633023998,96,47.4833,-55.7983,64.0,10.78
Kapuskasing,20,CA,1633023999,62,49.4169,-82.4331,55.49,2.3
Alakurtti,100,RU,1633023999,76,66.9672,30.3491,42.64,3.29
Grants Pass,1,US,1633023974,52,42.439,-123.3284,70.48,0.0
Fenyi,1,CN,1633024000,82,27.8112,114.6681,71.47,1.14
Haimen,1,CN,1633024000,90,23.1935,116.6142,75.09,8.32
Aklavik,78,CA,1633023764,93,68.2191,-135.0107,22.03,1.74
Yinchuan,38,CN,1633024001,18,38.4681,106.2731,68.59,3.13
Maun,0,BW,1633024001,25,-19.9833,23.4167,87.76,0.0
Baruun-Urt,7,MN,1633024001,52,46.6806,113.2792,33.49,6.58
São João da Barra,22,BR,1633023856,65,-21.6403,-41.0511,75.29,19.55
Upington,0,ZA,1633024002,17,-28.4478,21.2561,75.58,5.75
Isangel,94,VU,1633024002,91,-19.55,169.2667,72.16,10.2
Alice Springs,0,AU,1633023781,27,-23.7,133.8833,60.35,6.91
Chipinge,6,ZW,1633024003,68,-20.1883,32.6236,64.42,9.24
Victor Harbor,100,AU,1633024004,95,-35.5667,138.6167,55.8,1.99
Iracoubo,59,GF,1633024004,72,5.4802,-53.2011,84.02,11.14
Guangyuan,100,CN,1633024004,86,32.442,105.823,72.59,1.63
Rio de Janeiro,75,BR,1633023812,60,-22.9028,-43.2075,80.91,18.41
Panacan,97,PH,1633024005,83,9.2463,118.4082,80.58,1.99
Ngunguru,66,NZ,1633024005,81,-35.6167,174.5,53.17,7.63
Vaitape,10,PF,1633024006,70,-16.5167,-151.75,79.47,18.1
Francistown,18,BW,1633024006,41,-21.17,27.5079,77.04,19.89
Miravci,98,MK,1633024007,77,41.3078,22.435,59.02,2.26
Nanortalik,4,GL,1633024007,53,60.1432,-45.2371,37.02,8.12
Zhangye,57,CN,1633024007,20,38.9342,100.4517,62.44,6.24
Břeclav,21,CZ,1633024008,47,48.759,16.882,58.41,5.08
Zhireken,22,RU,1633024008,78,52.8249,117.3076,28.04,2.28
San Jose,1,US,1633023993,44,37.3394,-121.895,81.45,0.0
Batticaloa,86,LK,1633024009,79,7.7102,81.6924,80.46,2.75
Singapore,75,SG,1633023915,88,1.2897,103.8501,80.55,6.91
Mandurah,10,AU,1633024009,87,-32.55,115.7,60.22,15.1
Juneau,90,US,1633023907,96,58.3019,-134.4197,47.84,0.0
Kailua,40,US,1633023788,76,21.4022,-157.7394,77.14,12.66
Tapa,80,EE,1633024010,78,59.2606,25.9586,45.9,5.39
Kiryat Gat,0,IL,1633024011,100,31.61,34.7642,77.68,5.73
Mt. Pleasant,75,US,1633023968,63,32.7941,-79.8626,90.18,3.0
Zhigansk,48,RU,1633023750,72,66.7697,123.3711,27.39,2.26
Saskylakh,98,RU,1633024012,94,71.9167,114.0833,19.49,2.73
Thanh Hoa,53,VN,1633024012,89,19.8,105.7667,77.04,2.77
Ritchie,51,ZA,1633024013,61,-29.038,24.6028,67.21,23.17
Norman Wells,90,CA,1633023906,93,65.282,-126.8329,30.24,0.0
Røyken,96,NO,1633024013,1,59.7475,10.3936,52.61,5.66
Hokitika,100,NZ,1633024014,79,-42.7167,170.9667,48.34,2.3
Lar,89,IN,1633024014,87,26.2039,83.9717,75.83,8.05
Sosnovo-Ozerskoye,48,RU,1633024014,88,52.5249,111.5418,24.53,5.59
Zalţan,1,LY,1633024015,64,32.947,11.8665,77.22,10.13
São Filipe,65,CV,1633024015,77,14.8961,-24.4956,80.62,9.71
Puerto Asís,97,CO,1633024016,57,0.5133,-76.5007,77.56,0.63
Shimoda,100,JP,1633024016,91,34.6667,138.95,73.51,23.49
Koungheul,12,SN,1633024016,56,13.9833,-14.8,91.8,1.54
Goderich,0,CA,1633023923,67,43.7501,-81.7165,63.03,6.91
Abbeville,95,FR,1633024017,60,50.1,1.8333,57.49,8.05
Takāb,0,IR,1633024017,33,36.4009,47.1133,56.91,3.2
Bodø,75,NO,1633024018,63,67.28,14.405,53.64,9.22
Paramonga,45,PE,1633024018,75,-10.6667,-77.8333,67.8,11.74
Suntar,80,RU,1633024019,89,62.1444,117.6319,27.73,3.51
Lazi,100,UA,1633024019,81,48.0667,24.2333,54.43,0.67
Quimper,90,FR,1633024020,77,48.0,-4.1,61.38,10.36
Mexico,77,PH,1633024020,93,15.0646,120.7198,80.62,1.79
Fairbanks,75,US,1633023945,81,64.8378,-147.7164,26.82,1.14
Husavik,100,IS,1633024021,84,66.0449,-17.3389,42.71,10.92
Prymors'k,0,UA,1633024021,45,46.7348,36.3443,54.14,16.93
Broadstairs,100,GB,1633024021,72,51.3591,1.4394,61.2,5.01
High Prairie,92,CA,1633024022,45,55.4334,-116.4858,52.9,10.04
Pisco,0,PE,1633024022,77,-13.7,-76.2167,67.01,10.36
Poso,68,ID,1633024023,81,-1.3959,120.7524,77.36,3.89
Izačić,100,BA,1633024023,98,44.875,15.7819,53.55,3.38
Forsytheganj,12,BY,1633024024,77,52.6333,29.7333,43.79,6.71
Kirando,88,TZ,1633024024,43,-7.4167,30.6,85.98,1.88
Wilkie,52,CA,1633024011,39,52.4168,-108.7014,61.18,21.16
Preobrazheniye,14,RU,1633024025,78,42.9019,133.9064,59.2,3.89
Kiama,100,AU,1633024025,90,-34.6833,150.8667,61.57,1.99
Antofagasta,2,CL,1633023744,69,-23.65,-70.4,61.88,7.85
Seoul,20,KR,1633023852,94,37.5683,126.9778,67.44,2.3
Naze,2,JP,1633024026,79,28.3667,129.4833,76.21,7.25
Paamiut,2,GL,1633024026,64,61.994,-49.6678,36.34,25.88
Inhambane,20,MZ,1633024026,73,-23.865,35.3833,75.18,0.0
Sisimiut,96,GL,1633024027,73,66.9395,-53.6735,35.71,3.67
Yangi Marg`ilon,99,UZ,1633024027,59,40.4272,71.7189,65.12,4.61
Fenoarivo Atsinanana,24,MG,1633024028,83,-17.3667,49.4167,71.26,3.04
Santa Eulalia,22,PE,1633024028,52,-11.85,-76.6833,40.24,11.21
Amarpur,100,IN,1633024028,90,25.0333,86.9,76.53,4.65
Santa Rosa del Sur,98,CO,1633024029,79,7.9644,-74.0544,76.01,4.83
San Bernardo,0,CL,1633024029,20,-33.6,-70.7167,70.07,6.96
Zhenlai,48,CN,1633024029,63,45.8495,123.2973,42.51,7.74
Nizhniy Chir,43,RU,1633024030,50,48.3597,43.0865,48.87,9.19
Pacific Grove,1,US,1633023985,46,36.6177,-121.9166,82.42,1.99
South Lake Tahoe,1,US,1633024031,27,38.9332,-119.9844,65.79,0.0
Arrondissement de Troyes,0,FR,1633024031,62,48.3333,4.0833,58.05,1.99
Kandrian,97,PG,1633024031,92,-6.2167,149.55,76.62,2.42
Saint-François,0,FR,1633024032,71,46.4154,3.9054,54.84,2.3
Ormond Beach,40,US,1633023947,55,29.2858,-81.0559,90.12,4.61
Isla Vista,1,US,1633024032,37,34.4133,-119.861,93.13,3.44
Puerto Madryn,6,AR,1633024033,22,-42.7692,-65.0385,66.74,24.27
Petropavlovsk-Kamchatskiy,75,RU,1633023809,87,53.0452,158.6483,45.19,6.71
Korla,0,CN,1633024033,20,41.7597,86.1469,68.18,4.7
Fortuna,1,US,1633024034,77,40.5982,-124.1573,62.98,8.05
Veshenskaya,10,RU,1633024034,58,49.6303,41.7334,46.94,6.02
Lhokseumawe,83,ID,1633024034,89,5.1801,97.1507,77.63,4.56
Mongar,76,BT,1633024035,95,27.2747,91.2396,61.09,4.05
Bukachacha,17,RU,1633024035,77,52.9833,116.9167,28.99,2.21
Yelan',99,RU,1633024036,54,50.949,43.7378,49.03,4.16
Udachny,53,RU,1633024036,61,66.4167,112.4,30.72,4.47
Khagaria,94,IN,1633024037,85,25.5,86.4833,77.45,5.59
Maniitsoq,21,GL,1633024037,53,65.4167,-52.9,35.33,3.0
Ubari,0,LY,1633024037,27,26.5921,12.7805,82.67,7.85
Taltal,14,CL,1633023886,65,-25.4,-70.4833,65.3,8.72
Kavieng,97,PG,1633024038,81,-2.5744,150.7967,82.04,13.78
Flinders,100,AU,1633023843,87,-34.5833,150.8552,61.38,1.01
Nasīrābād,74,IN,1633024038,72,26.3,74.7333,81.59,1.39
Guerrero Negro,0,MX,1633024039,57,27.9769,-114.0611,72.48,9.24
Motril,52,ES,1633024039,80,36.7507,-3.5179,88.3,1.74
Itoman,20,JP,1633024040,86,26.1247,127.6694,82.78,17.27
Noumea,47,NC,1633023820,99,-22.2763,166.4572,73.99,8.86
Port Macquarie,97,AU,1633023839,79,-31.4333,152.9167,58.96,8.93
Ust-Tsilma,99,RU,1633024040,85,65.441,52.1498,39.11,2.77
Bandarbeyla,69,SO,1633024041,75,9.4942,50.8122,80.08,12.26
Basoko,94,CD,1633024041,87,1.2391,23.616,72.01,4.29
Dingle,50,PH,1633023856,91,10.9995,122.6711,76.28,2.46
San Andrés,40,CO,1633023936,70,12.5847,-81.7006,87.82,9.22
Kushima,5,JP,1633024042,85,31.4583,131.2333,72.01,3.67
Chapaevsk,100,RU,1633024042,66,52.9813,49.7112,47.41,4.79
Marawi,91,PH,1633024043,92,7.9986,124.2928,66.65,2.57
Chicama,80,PE,1633024044,59,-7.8447,-79.1469,64.94,10.98
Iwaki,100,JP,1633023775,96,37.05,140.8833,73.24,1.81
Mount Isa,21,AU,1633024044,31,-20.7333,139.5,76.77,8.05
Concepción,20,CL,1633024045,51,-36.827,-73.0498,58.8,9.22
Basavakalyan,98,IN,1633024045,67,17.8667,76.95,78.04,2.15
Weihe,97,CN,1633024045,92,32.9952,105.3247,64.96,0.92
Šaľa,76,SK,1633024046,52,48.1513,17.8806,59.02,5.79
Kibala,20,TD,1633024046,62,9.1104,18.3463,89.55,0.0
Liverpool,75,GB,1633023501,90,53.4106,-2.9779,59.61,1.99
Black River,3,JM,1633024047,62,18.0264,-77.8487,87.98,7.38
Tuatapere,88,NZ,1633023747,88,-46.1333,167.6833,47.82,4.27
Marzuq,89,YE,1633024047,49,14.4,46.4667,78.4,5.95
Maple Creek,53,CA,1633024048,27,49.9168,-109.4848,66.69,21.85
Sal Rei,20,CV,1633024048,70,16.1833,-22.9167,84.4,20.71
Biloela,100,AU,1633024049,85,-24.4167,150.5,64.15,7.0
Buin,0,CL,1633024049,21,-33.7333,-70.75,71.06,8.84
Kisangani,89,CD,1633024049,95,0.5167,25.2,73.2,0.6
Constitución,13,CL,1633024050,56,-35.3333,-72.4167,57.63,13.04
Solnechnyy,36,RU,1633024050,66,50.7214,136.6319,41.36,2.98
Marau,52,BR,1633024050,61,-28.4492,-52.2,79.03,8.79
Port Blair,100,IN,1633024051,83,11.6667,92.75,81.43,7.99
Olavarría,100,AR,1633024051,94,-36.8927,-60.3225,57.02,5.39
Phonhong,9,LA,1633024052,93,18.5007,102.4166,76.3,2.37
Tomatlán,39,MX,1633024052,58,19.9333,-105.25,88.61,4.0
Sterling,20,US,1633024053,52,39.0062,-77.4286,74.98,1.01
Lazarev,81,RU,1633024053,62,52.225,141.5131,51.39,12.44
Djibo,92,BF,1633024053,36,14.1022,-1.6306,93.15,10.02
Oodweyne,96,SO,1633024054,43,9.4092,45.064,81.0,15.48
Batemans Bay,95,AU,1633024054,92,-35.7167,150.1833,57.2,3.42
Berlevåg,57,NO,1633024054,83,70.8578,29.0864,46.4,12.08
Guangshui,0,CN,1633024055,79,31.6199,113.9978,68.23,2.91
Pangkalanbuun,64,ID,1633024055,98,-2.6833,111.6167,75.09,1.36
Lubango,48,AO,1633024056,40,-14.9172,13.4925,66.94,5.93
Vestmannaeyjar,40,IS,1633024056,65,63.4427,-20.2734,45.59,26.46
Alegrete,81,BR,1633024056,69,-29.7831,-55.7919,81.14,6.96
St Johann im Pongau,94,AT,1633024057,89,47.35,13.2,56.32,2.57
Dicabisagan,98,PH,1633024057,89,17.0818,122.4157,78.19,3.56
Syracuse,9,IT,1633023976,69,37.0881,15.2792,78.39,3.98
Kem',96,RU,1633024058,71,64.9555,34.5793,47.61,5.03
Lüshunkou,73,CN,1633024058,85,38.8,121.2667,62.82,9.26
Morón,99,AR,1633024059,98,-34.6534,-58.6198,60.98,1.01
Morros,50,BR,1633024059,18,-9.4467,-46.3003,99.41,5.97
Tazovsky,100,RU,1633023886,98,67.4667,78.7,33.39,15.12
Faanui,10,PF,1633024060,70,-16.4833,-151.75,79.48,18.23
Les Cayes,38,HT,1633024060,64,18.2,-73.75,86.04,7.38
Newcastle,95,AU,1633024045,93,-32.9272,151.7765,63.55,5.75
Kachug,86,RU,1633024061,89,53.9606,105.8817,26.6,0.94
Grand-Santi,50,GF,1633024061,55,4.25,-54.3833,87.89,2.66
Adrar,0,MR,1633023927,7,20.5022,-10.0711,99.25,7.63
Chulym,100,RU,1633024062,94,55.0997,80.9572,38.79,3.8
Richards Bay,92,ZA,1633024062,76,-28.783,32.0377,67.59,9.62
Ostrovskoye,54,RU,1633024062,95,57.8057,42.2433,43.77,5.5
Nouadhibou,0,MR,1633023886,65,20.931,-17.0347,78.78,16.11
Mapiripán,100,CO,1633024063,61,2.8892,-72.1256,86.67,3.51
Mpika,30,ZM,1633024063,32,-11.8343,31.4529,74.52,10.76
Naumburg,60,DE,1633024064,56,51.15,11.8167,54.68,6.93
Dubrovnik,0,HR,1633024064,60,42.6481,18.0922,71.24,18.41
Brae,100,GB,1633024065,95,60.3964,-1.353,53.51,19.24
Miles City,1,US,1633024065,35,46.4083,-105.8406,58.17,3.44
Kilemary,100,RU,1633024065,94,56.7783,46.8659,45.72,7.02
Verkhnevilyuysk,24,RU,1633024066,86,63.4453,120.3167,25.79,3.85
Muddebihāl,96,IN,1633024066,78,16.3333,76.1333,77.2,12.66
Santiago del Estero,2,AR,1633023991,32,-27.7951,-64.2615,88.81,0.81
Pyapon,7,MM,1633024067,93,16.2833,95.6833,78.4,6.58
Bétaré Oya,98,CM,1633024067,91,5.6,14.0833,71.01,2.55
Kutum,2,SD,1633024067,19,14.2,24.6667,83.59,13.89
Mil'kovo,100,RU,1633024068,91,54.7167,158.6167,41.22,3.76
Capitán Bado,7,PY,1633024068,18,-23.2667,-55.5333,101.7,11.68
Broken Hill,90,AU,1633024048,87,-31.95,141.4333,53.31,18.41
La Ronge,20,CA,1633024069,44,55.1001,-105.2842,61.05,12.66
Nome,1,US,1633024069,60,64.5011,-165.4064,30.27,11.5
Tondano,81,ID,1633024069,86,1.3038,124.9112,68.09,1.03
Al Bardīyah,0,LY,1633024070,61,31.7561,25.0865,75.11,17.49
Waitati,9,NZ,1633024070,74,-45.75,170.5667,46.8,5.28
Rio Rancho,90,US,1633024071,78,35.2334,-106.6645,59.07,8.05
Perth,0,AU,1633023902,91,-31.9333,115.8333,60.98,8.05
Chengde,1,CN,1633024071,69,40.9725,117.9361,51.76,3.94
Valley Station,75,US,1633024072,71,38.1112,-85.8702,82.76,1.01
Muros,50,ES,1633024072,61,42.7762,-9.0603,68.85,9.91
Gisborne,24,NZ,1633024072,89,-38.6533,178.0042,41.95,4.41
Puebla,59,MX,1633024073,55,18.8333,-98.0,72.95,5.23
Aylmer,0,CA,1633024073,49,42.7668,-80.983,68.5,7.47
Kieta,99,PG,1633024073,82,-6.2167,155.6333,79.05,1.95
Yalkhoy-Mokhk,100,RU,1633024074,94,43.1053,46.1904,45.43,1.3
Shiyan,0,CN,1633024074,85,32.6475,110.7781,69.26,3.91
Ikwiriri,35,TZ,1633024075,82,-7.9562,38.9716,74.75,6.33
Sittwe,34,MM,1633024075,83,20.15,92.9,81.27,8.5
Vao,60,NC,1633024075,81,-22.6667,167.4833,70.66,21.94
Touros,19,BR,1633023886,66,-5.1989,-35.4608,86.9,15.68
Eisenerz,98,AT,1633024076,81,47.5333,14.8833,53.2,1.99
Moussoro,11,TD,1633024076,13,13.6408,16.4901,95.63,10.38
Corrales,90,US,1633024015,77,35.2378,-106.6067,63.72,8.05
Vanavara,14,RU,1633024077,90,60.34,102.2797,28.22,3.36
Melchor de Mencos,20,GT,1633024077,66,17.0686,-89.1522,87.8,4.61
Seymchan,100,RU,1633024078,60,62.8833,152.4333,27.43,2.86
Ipu,76,BR,1633024078,35,-4.3222,-40.7108,92.41,5.26
Scottsbluff,90,US,1633024079,54,41.8666,-103.6672,56.79,8.01
Barra de Tecoanapa,30,MX,1633024079,68,16.5167,-98.75,85.39,6.78
Aden,16,YE,1633024007,64,12.7794,45.0367,88.3,8.14
Pangnirtung,90,CA,1633024079,100,66.1451,-65.7125,30.2,9.22
Poum,42,NC,1633024080,80,-20.2333,164.0167,72.7,11.88
Hohhot,0,CN,1633024080,46,40.8106,111.6522,48.49,6.71
Le Port,25,RE,1633024081,77,-20.9373,55.2919,75.2,4.14
Uray,100,RU,1633024081,96,60.1247,64.7758,40.64,12.01
Valdivia,96,CL,1633024079,97,-39.8142,-73.2459,51.89,8.79
Vila Franca do Campo,68,PT,1633024082,80,37.7167,-25.4333,73.81,2.57
Birao,53,CF,1633024082,55,10.2849,22.7882,78.42,3.85
Havøysund,13,NO,1633023856,80,70.9963,24.6622,44.83,10.49
Padang,100,ID,1633024083,79,-0.9492,100.3543,75.25,1.48
Gongzhuling,2,CN,1633024083,76,43.5008,124.8198,47.1,1.7
Zaysan,100,KZ,1633024084,74,47.4667,84.8667,54.54,6.44
Brønnøysund,0,NO,1633024084,62,65.4625,12.1997,55.51,12.66
Kenai,1,US,1633024085,86,60.5544,-151.2583,21.29,4.61
Raudeberg,75,NO,1633024085,84,61.9875,5.1352,60.58,5.3
Merauke,95,ID,1633024086,89,-8.4667,140.3333,77.05,9.86
Tateyama,75,JP,1633024086,88,34.9833,139.8667,70.02,12.66
Huesca,0,ES,1633024087,47,42.1362,-0.4087,70.95,1.01
Fallon,1,US,1633024087,24,39.4735,-118.7774,64.92,0.0
Vanimo,100,PG,1633024088,89,-2.6741,141.3028,77.2,1.5
Boyolangu,49,ID,1633024088,93,-8.1181,111.8935,74.37,5.26
Steamboat Springs,1,US,1633024009,73,40.485,-106.8317,58.33,5.75
Gannan,47,CN,1633024089,66,47.9147,123.5031,38.39,7.65
Rocha,85,UY,1633024089,72,-34.4833,-54.3333,65.62,15.23
Oranjemund,17,NA,1633024090,92,-28.55,16.4333,57.76,4.25
Konëvo,83,RU,1633024090,91,62.1215,39.3192,46.27,3.53
Gonaïves,5,HT,1633024090,57,19.45,-72.6833,88.36,7.78
Bay Roberts,100,CA,1633024091,95,47.5999,-53.2648,64.65,1.99
Roald,0,NO,1633024091,67,62.5833,6.1333,61.72,3.44
Moyo,53,UG,1633024092,86,3.6609,31.7247,69.51,4.74
Zagora,1,MA,1633024092,8,30.3484,-5.8365,92.08,6.31
Jatai,53,BR,1633024092,26,-17.8814,-51.7144,92.61,2.98
Iquique,4,CL,1633024093,67,-20.2208,-70.1431,66.24,4.18
Kavaratti,43,IN,1633024093,80,10.5669,72.642,81.61,13.73
Gubkinskiy,100,RU,1633024093,89,64.434,76.5026,33.13,15.82
Coyhaique,75,CL,1633024094,61,-45.5752,-72.0662,50.61,5.75
Ust'-Barguzin,88,RU,1633024094,80,53.45,108.9833,33.46,3.06
Porto-Novo,99,BJ,1633024095,85,6.4965,2.6036,82.22,4.72
Gorontalo,57,ID,1633024095,95,0.5412,123.0595,74.97,2.53
Cabedelo,24,BR,1633024096,71,-6.9811,-34.8339,84.87,12.48
Pindushi,64,RU,1633024096,88,62.9152,34.58,44.04,2.13
Foieni,100,RO,1633024096,92,47.7,22.3833,55.35,5.53
Portland,90,US,1633023635,75,45.5234,-122.6762,64.62,1.99
Katsuura,100,JP,1633024097,88,35.1333,140.3,70.11,17.27
Sārangpur,76,IN,1633024097,84,23.5667,76.4667,77.63,2.39
San Patricio,25,US,1633024098,57,28.017,-97.5169,91.49,10.09
Rassvet,4,RU,1633024098,64,46.8333,40.75,47.37,6.71
Ontario,1,US,1633023839,19,34.0633,-117.6509,88.11,3.0
Ozernovskiy,100,RU,1633024099,82,51.5,156.5167,47.55,12.26
Kalabo,65,ZM,1633024099,20,-14.97,22.6814,85.75,1.92
Worland,1,US,1633024100,50,44.0169,-107.9554,59.56,1.99
Almeirim,35,BR,1633024100,44,-1.5233,-52.5817,92.79,3.09
Beatrice,90,US,1633024101,82,40.2681,-96.747,74.86,8.05
Honiara,75,SB,1633024101,83,-9.4333,159.95,77.52,5.59
Sturgeon Falls,99,CA,1633024101,56,46.3646,-79.9326,57.09,7.83
Vostok,11,RU,1633023868,90,46.4856,135.8833,38.88,2.86
Merritt Island,20,US,1633024102,60,28.5392,-80.672,90.1,9.22
Mujiayingzi,2,CN,1633024102,62,42.1167,118.7833,49.3,2.55
Ballina,40,AU,1633023830,88,-28.8667,153.5667,64.36,10.36
Bubaque,23,GW,1633023886,75,11.2833,-15.8333,82.89,10.71
Foumban,35,CM,1633024103,91,5.7291,10.9001,65.75,2.26
